https://www.dndbeyond.com/characters/47998691,My Characters
https://www.dndbeyond.com/characters/108586204,My Characters
https://www.dndbeyond.com/characters/112917806,My Characters
https://www.dndbeyond.com/characters/138913536,My Characters
,
https://www.dndbeyond.com/characters/140030204,The Next Adventure
https://www.dndbeyond.com/characters/135676084,The Next Adventure
https://www.dndbeyond.com/characters/155146167,The Next Adventure
https://www.dndbeyond.com/characters/146445545,The Next Adventure
https://www.dndbeyond.com/characters/140226250,The Next Adventure
,
https://www.dndbeyond.com/characters/140226250,Tales From The Bonfire Keep
https://www.dndbeyond.com/profile/Chunk1/characters/147782974,Tales From The Bonfire Keep
https://www.dndbeyond.com/profile/Rawrycopter/characters/147785189,Tales From The Bonfire Keep
,
Campaigns:,
Tales From The Bonfire Keep,import characters from dndbeyond
The Next Adventure,import characters from dndbeyond
Add 3-4 more,